instance_id,ebs_vol_id,Volume_state,Volume_provision_IOPS,Volume_device,Volume_Type,Volume_Encrypted,Volume_Allocated_Size,VolumeWriteOpsSum,VolumeWriteOpsMaximum,VolumeWriteBytesSum,VolumeWriteBytesMaximum,VolumeReadOpsSum,VolumeReadOpsMaximum,VolumeReadBytesSum,VolumeReadBytesMaximum,VolumeOpsSum,VolumeBytesSum,Platform,IoSize,Instance Type,CPUUtilization_Max,CPUUtilization_Avg
i-00526c770439a70f3,vol-0f848c6a7449e4b65,in-use,150,/dev/sdf,gp2,FALSE,50,0,0,0,,0,0,0,,0,0,,0,t2.medium,100,1
i-00526c770439a70f3,vol-01527c57d23d17097,in-use,600,/dev/sda1,gp2,FALSE,200,1760009,125,20212678656,0,3789,15,171298816,0,1763798,20383977472,,11557,t2.medium,100,1
i-00526c770439a70f3,vol-07cabb2922cff7815,in-use,150,/dev/sdc,gp2,FALSE,50,0,0,0,,0,0,0,,0,0,,0,t2.medium,100,1
i-01f25f7bb864ec567,vol-0cbfc4ff2e0e7ce2f,in-use,300,/dev/sda1,gp2,FALSE,100,7222818,746,77992423936,0,4033689,803,83404439552,0,11256507,1.61397E+11,windows,14338,t2.large,100,2
i-0d80ac74327d67cba,vol-05240e87215b3b09a,in-use,300,/dev/sda1,gp2,FALSE,100,10918778,680,1.12661E+11,32076424,3372953,751,92560304128,25125589,14291731,2.05221E+11,windows,14359,t3.xlarge,44,2
i-04e960bf726b14259,vol-0bc8320f60c5dd425,in-use,100,/dev/xvda,gp2,FALSE,10,72578547,768,3.3595E+11,0,159797,180,4505690112,0,72738344,3.40456E+11,,4681,t2.micro,59,6
i-0cf6e8d8dc9f9ffaf,vol-0cfac561f6e129bc9,in-use,100,/dev/xvda,gp2,FALSE,8,1741699,69,14546112000,0,62470,173,1750998016,0,1804169,16297110016,,9033,t2.small,100,1
i-0aa1b76401ec4b73d,vol-0d756884e92bc2a68,in-use,100,/dev/xvda,gp2,FALSE,8,2998719,519,2.90731E+11,135025357,51620,157,1733232640,6098492,3050339,2.92465E+11,,95879,m5.large,37,0
i-0aa1b76401ec4b73d,vol-042a6f6d1743df607,in-use,300,/dev/sdh,gp2,FALSE,100,121392,138,2370981888,11764190,40603,343,2917543936,39721779,161995,5288525824,,32646,m5.large,37,0